model,balanced_accuracy_mean,balanced_accuracy_std,mae_mean,mae_std
Histogram Gradient Boosting,1.0,0.0,1.0179025453295096,0.05711222407476179
Random Forest,1.0,0.0,1.0133238192698413,0.027114159533645
Neural Network (MLP),0.9987097336637841,0.0006170807951818965,1.0428471339686356,0.14086449930346856
