model,balanced_accuracy_mean,balanced_accuracy_std,mae_mean,mae_std
Histogram Gradient Boosting,1.0,0.0,1.0744320520141677,0.07738663518984704
Random Forest,1.0,0.0,1.0646685999516101,0.059592319660134334
Neural Network (MLP),0.9983061550318282,0.0007434660616133018,1.0974417585130782,0.14670096682450642
