model,balanced_accuracy_mean,balanced_accuracy_std,mae_mean,mae_std
Histogram Gradient Boosting,1.0,0.0,0.9680617138879656,0.03926123453056913
Random Forest,1.0,0.0,0.9694956194451336,0.046341831256027685
Neural Network (MLP),0.9963808756928367,0.0009795665001168733,1.0489233346278704,0.08440824545902383
