model,balanced_accuracy_mean,balanced_accuracy_std,mae_mean,mae_std
Histogram Gradient Boosting,1.0,0.0,1.0468325269764627,0.06824414891407629
Random Forest,1.0,0.0,1.0414235991835978,0.04059723882039903
Neural Network (MLP),0.998618397827828,0.0010465901994557818,1.0742141775171101,0.11446828054587295
