model,balanced_accuracy_mean,balanced_accuracy_std,mae_mean,mae_std
Histogram Gradient Boosting,1.0,0.0,1.0585118936698075,0.07041105550304809
Random Forest,1.0,0.0,1.047542443819143,0.04434412264277356
Neural Network (MLP),0.9985984110202278,0.0007237467291700835,1.087599330141469,0.14451669379499876
