model,balanced_accuracy_mean,balanced_accuracy_std,mae_mean,mae_std
Histogram Gradient Boosting,1.0,0.0,1.1122588647780316,0.10973146712393078
Random Forest,1.0,0.0,1.121963393954646,0.10627350120874185
Neural Network (MLP),0.9970637580665799,0.0005302162536455608,1.1418646955903176,0.14820912416274915
