model,balanced_accuracy_mean,balanced_accuracy_std,mae_mean,mae_std
Histogram Gradient Boosting,1.0,0.0,1.0241836841571368,0.06615282324679776
Random Forest,1.0,0.0,1.017477324440458,0.029342808707264998
Neural Network (MLP),0.9984823705101743,0.0006221024549228381,1.0302326760010094,0.10535276598798464
