model,balanced_accuracy_mean,balanced_accuracy_std,mae_mean,mae_std
Histogram Gradient Boosting,1.0,0.0,0.9835225301821368,0.06221373071539177
Random Forest,1.0,0.0,0.9972900930858156,0.042403829822921776
Neural Network (MLP),0.9963601983281721,0.0007396809889083932,1.0401279076761134,0.09206334048336717
