model,balanced_accuracy_mean,balanced_accuracy_std,mae_mean,mae_std
Histogram Gradient Boosting,1.0,0.0,1.1047572223794635,0.08844923394954145
Random Forest,1.0,0.0,1.1205762345314614,0.08625663824022357
Neural Network (MLP),0.9974105434774868,1.0030049201110946e-05,1.1384070895517622,0.13524513062237334
