model,balanced_accuracy_mean,balanced_accuracy_std,mae_mean,mae_std
Histogram Gradient Boosting,1.0,0.0,0.972634220491896,0.0537325913498987
Random Forest,1.0,0.0,0.9741987854054378,0.05294069550978743
Neural Network (MLP),0.9963051626511787,0.0009234044061060912,1.0209272115352448,0.1175863515956095
